file,line,function,operation,destination,classification,production,when
supabase/migrations/20260709160000_customer_service_daily_followup_rules.sql,47,dawaa_normalize_customer_followup_key,UPDATE,daily_followups,LEGACY READ ONLY,"historical definition; latest live body is authoritative, not automatically runnable",migration application only; no migration applied in this audit
supabase/migrations/20260709160000_customer_service_daily_followup_rules.sql,95,dawaa_normalize_customer_followup_key,DELETE FROM,daily_followups,LEGACY READ ONLY,"historical definition; latest live body is authoritative, not automatically runnable",migration application only; no migration applied in this audit
supabase/migrations/20260709174000_customer_service_daily_generator_v2.sql,103,dawaa_generate_customer_service_daily_followups_v2,INSERT INTO,daily_followups,LEGACY READ ONLY,"historical definition; latest live body is authoritative, not automatically runnable",migration application only; no migration applied in this audit
supabase/migrations/20260712162000_fix_customer_service_branch_owners.sql,44,normalize_customer_service_branch_owner,update,daily_followups,LEGACY READ ONLY,"historical definition; latest live body is authoritative, not automatically runnable",migration application only; no migration applied in this audit
supabase/migrations/20260712162000_fix_customer_service_branch_owners.sql,57,normalize_customer_service_branch_owner,update,daily_followups,LEGACY READ ONLY,"historical definition; latest live body is authoritative, not automatically runnable",migration application only; no migration applied in this audit
supabase/migrations/20260713153000_conversation_reviews_report_date.sql,7,<migration statement>,update,conversation_sales_reviews,LEGACY READ ONLY,"historical definition; latest live body is authoritative, not automatically runnable",migration application only; no migration applied in this audit
supabase/migrations/20260716_fix_doctor_reviews_and_header_notifications.sql,138,attach_review_staff_id,update,conversation_sales_reviews,LEGACY READ ONLY,"historical definition; latest live body is authoritative, not automatically runnable",migration application only; no migration applied in this audit
supabase/migrations/20260716_fix_review_staff_resolution_uuid.sql,58,resolve_review_staff_id,update,conversation_sales_reviews,LEGACY READ ONLY,"historical definition; latest live body is authoritative, not automatically runnable",migration application only; no migration applied in this audit
supabase/migrations/20260719_customer_service_secure_command_center.sql,32,<migration statement>,update,daily_followups,LEGACY READ ONLY,"historical definition; latest live body is authoritative, not automatically runnable",migration application only; no migration applied in this audit
supabase/migrations/20260719_customer_service_secure_command_center.sql,171,dawaa_archive_customer_followup_v1,update,daily_followups,LEGACY READ ONLY,"historical definition; latest live body is authoritative, not automatically runnable",migration application only; no migration applied in this audit
supabase/migrations/20260719_customer_service_secure_command_center.sql,182,dawaa_restore_customer_followup_v1,update,daily_followups,LEGACY READ ONLY,"historical definition; latest live body is authoritative, not automatically runnable",migration application only; no migration applied in this audit
supabase/migrations/20260719_customer_service_secure_command_center.sql,198,dawaa_postpone_customer_followup_v1,update,daily_followups,LEGACY READ ONLY,"historical definition; latest live body is authoritative, not automatically runnable",migration application only; no migration applied in this audit
supabase/migrations/20260719_customer_service_secure_command_center.sql,212,dawaa_create_exceptional_followup_v2,insert into,daily_followups,LEGACY READ ONLY,"historical definition; latest live body is authoritative, not automatically runnable",migration application only; no migration applied in this audit
supabase/migrations/20260719_customer_service_secure_command_center.sql,228,dawaa_complete_customer_followup_v1,update,daily_followups,LEGACY READ ONLY,"historical definition; latest live body is authoritative, not automatically runnable",migration application only; no migration applied in this audit
supabase/migrations/20260719_customer_service_secure_command_center.sql,241,dawaa_cancel_customer_followup_v1,update,daily_followups,LEGACY READ ONLY,"historical definition; latest live body is authoritative, not automatically runnable",migration application only; no migration applied in this audit
supabase/migrations/20260720_customer_followup_compat_rpc_forward.sql,49,create_or_link_customer_followup,insert into,daily_followups,LEGACY READ ONLY,"historical definition; latest live body is authoritative, not automatically runnable",migration application only; no migration applied in this audit
supabase/migrations/20260720_customer_followup_customer_correction.sql,52,correct_customer_followup_data_v1,update,daily_followups,LEGACY READ ONLY,"historical definition; latest live body is authoritative, not automatically runnable",migration application only; no migration applied in this audit
supabase/migrations/20260720_customer_followup_duplicate_management.sql,68,merge_open_followup_duplicates_v1,update,daily_followups,LEGACY READ ONLY,"historical definition; latest live body is authoritative, not automatically runnable",migration application only; no migration applied in this audit
supabase/migrations/20260720_customer_followup_find_or_create_open_case.sql,148,find_or_create_open_customer_followup,update,daily_followups,LEGACY READ ONLY,"historical definition; latest live body is authoritative, not automatically runnable",migration application only; no migration applied in this audit
supabase/migrations/20260720_customer_followup_find_or_create_open_case.sql,166,find_or_create_open_customer_followup,insert into,daily_followups,LEGACY READ ONLY,"historical definition; latest live body is authoritative, not automatically runnable",migration application only; no migration applied in this audit
supabase/migrations/20260720_customer_followup_hardening_live.sql,80,create_or_link_customer_followup,insert into,daily_followups,LEGACY READ ONLY,"historical definition; latest live body is authoritative, not automatically runnable",migration application only; no migration applied in this audit
supabase/migrations/20260721_customer_followup_legacy_cleanup_and_profile_backfill_v5.sql,7,<migration statement>,update,daily_followups,LEGACY READ ONLY,"historical definition; latest live body is authoritative, not automatically runnable",migration application only; no migration applied in this audit
supabase/migrations/20260721_customer_followup_legacy_cleanup_and_profile_backfill_v5.sql,29,<migration statement>,update,daily_followups,LEGACY READ ONLY,"historical definition; latest live body is authoritative, not automatically runnable",migration application only; no migration applied in this audit
supabase/migrations/20260721_customer_followup_legacy_cleanup_and_profile_backfill_v5.sql,45,<migration statement>,update,daily_followups,LEGACY READ ONLY,"historical definition; latest live body is authoritative, not automatically runnable",migration application only; no migration applied in this audit
supabase/migrations/20260721_customer_followup_legacy_cleanup_and_profile_backfill_v5.sql,74,<migration statement>,update,daily_followups,LEGACY READ ONLY,"historical definition; latest live body is authoritative, not automatically runnable",migration application only; no migration applied in this audit
supabase/migrations/20260721_transfer_customer_followup_branch_v1.sql,52,transfer_customer_followup_branch_v1,update,daily_followups,LEGACY READ ONLY,"historical definition; latest live body is authoritative, not automatically runnable",migration application only; no migration applied in this audit
supabase/migrations/20260726213000_refresh_all_followup_customer_metrics.sql,68,refresh_daily_followup_customer_metrics,update,daily_followups,LEGACY READ ONLY,"historical definition; latest live body is authoritative, not automatically runnable",migration application only; no migration applied in this audit
supabase/migrations/20260726232000_dedupe_followups_and_fix_canonical_branch.sql,86,repair_customer_followup_duplicates_and_branches,update,daily_followups,LEGACY READ ONLY,"historical definition; latest live body is authoritative, not automatically runnable",migration application only; no migration applied in this audit
supabase/migrations/20260726232000_dedupe_followups_and_fix_canonical_branch.sql,119,repair_customer_followup_duplicates_and_branches,update,daily_followups,LEGACY READ ONLY,"historical definition; latest live body is authoritative, not automatically runnable",migration application only; no migration applied in this audit
supabase/migrations/20260811040000_simple_product_catalog.sql,60,auto_link_customer_request_products,update,customer_requests,LEGACY READ ONLY,"historical definition; latest live body is authoritative, not automatically runnable",migration application only; no migration applied in this audit
supabase/migrations/20260811044700_customer_request_product_codes_and_catalog_entry.sql,87,link_customer_request_product,update,customer_requests,LEGACY READ ONLY,"historical definition; latest live body is authoritative, not automatically runnable",migration application only; no migration applied in this audit
supabase/migrations/20260811060300_customer_request_primary_branch_manager.sql,71,assign_customer_request_primary_branch_manager,update,customer_requests,LEGACY READ ONLY,"historical definition; latest live body is authoritative, not automatically runnable",migration application only; no migration applied in this audit
supabase/migrations/20260813023000_customer_service_smart_queues_v2.sql,145,import_customer_service_queue_results_v2,insert into,daily_followups,LEGACY READ ONLY,"historical definition; latest live body is authoritative, not automatically runnable",migration application only; no migration applied in this audit
supabase/migrations/20260813024500_extend_smart_queue_import_to_branch_staff.sql,45,import_customer_service_queue_results_v2,insert into,daily_followups,LEGACY READ ONLY,"historical definition; latest live body is authoritative, not automatically runnable",migration application only; no migration applied in this audit
supabase/migrations/20260814030500_customer_request_source_enrichment_v2.sql,154,customer_request_autolink_dawaawael_v1,update,customer_requests,LEGACY READ ONLY,"historical definition; latest live body is authoritative, not automatically runnable",migration application only; no migration applied in this audit
supabase/migrations/20260814_customer_service_doctor_workbook_v4.sql,101,import_customer_service_queue_results_v4,update,daily_followups,LEGACY READ ONLY,"historical definition; latest live body is authoritative, not automatically runnable",migration application only; no migration applied in this audit
supabase/migrations/20260814_customer_service_doctor_workbook_v4.sql,141,import_customer_service_queue_results_v4,update,daily_followups,LEGACY READ ONLY,"historical definition; latest live body is authoritative, not automatically runnable",migration application only; no migration applied in this audit
supabase/migrations/20260814_customer_service_doctor_workbook_v4.sql,156,import_customer_service_queue_results_v4,insert into,daily_followups,LEGACY READ ONLY,"historical definition; latest live body is authoritative, not automatically runnable",migration application only; no migration applied in this audit
supabase/migrations/20260815040500_customer_request_source_payload_trigger_v3.sql,13,<migration statement>,update,customer_requests,LEGACY READ ONLY,"historical definition; latest live body is authoritative, not automatically runnable",migration application only; no migration applied in this audit
supabase/migrations/20260815041800_customer_request_product_staff_linkage_export_v1.sql,79,customer_request_enrich_product_staff_v1,update,customer_requests,LEGACY READ ONLY,"historical definition; latest live body is authoritative, not automatically runnable",migration application only; no migration applied in this audit
supabase/migrations/20260815042300_customer_request_staff_name_normalization_v2.sql,34,customer_request_resolve_staff_id_v1,update,customer_requests,LEGACY READ ONLY,"historical definition; latest live body is authoritative, not automatically runnable",migration application only; no migration applied in this audit
supabase/migrations/20260815042500_customer_request_exact_source_mirror_v5.sql,48,customer_request_exact_source_mirror_v1,update,customer_requests,LEGACY READ ONLY,"historical definition; latest live body is authoritative, not automatically runnable",migration application only; no migration applied in this audit
supabase/migrations/20260815044500_customer_request_product_intelligence_v2.sql,185,auto_link_customer_request_products_v2,update,customer_requests,LEGACY READ ONLY,"historical definition; latest live body is authoritative, not automatically runnable",migration application only; no migration applied in this audit
supabase/migrations/20260824125000_customer_request_product_link_branch_guard.sql,33,link_customer_request_product,update,customer_requests,LEGACY READ ONLY,"historical definition; latest live body is authoritative, not automatically runnable",migration application only; no migration applied in this audit
supabase/migrations/20260824131500_customer_request_deterministic_identity_backfill.sql,7,<migration statement>,update,customer_requests,LEGACY READ ONLY,"historical definition; latest live body is authoritative, not automatically runnable",migration application only; no migration applied in this audit
supabase/migrations/20260824131500_customer_request_deterministic_identity_backfill.sql,35,<migration statement>,update,customer_requests,LEGACY READ ONLY,"historical definition; latest live body is authoritative, not automatically runnable",migration application only; no migration applied in this audit
supabase/migrations/20260824134500_customer_request_staff_attribution_approval_v1.sql,169,apply_customer_request_staff_attribution_v1,update,customer_requests,LEGACY READ ONLY,"historical definition; latest live body is authoritative, not automatically runnable",migration application only; no migration applied in this audit
supabase/migrations/20260824135500_customer_request_staff_attribution_branch_scope.sql,217,apply_customer_request_staff_attribution_v1,update,customer_requests,LEGACY READ ONLY,"historical definition; latest live body is authoritative, not automatically runnable",migration application only; no migration applied in this audit
supabase/migrations/20260824140000_create_customer_request_canonical_v1.sql,112,create_customer_request_canonical_v1,insert into,customer_requests,LEGACY READ ONLY,"historical definition; latest live body is authoritative, not automatically runnable",migration application only; no migration applied in this audit
supabase/migrations/20260824143000_secure_customer_request_to_shortage_command_v1.sql,139,move_customer_request_to_shortage_v1,update,customer_requests,LEGACY READ ONLY,"historical definition; latest live body is authoritative, not automatically runnable",migration application only; no migration applied in this audit
supabase/migrations/20260824154500_record_customer_request_contact_v2.sql,79,record_customer_request_contact_v2,update,customer_requests,LEGACY READ ONLY,"historical definition; latest live body is authoritative, not automatically runnable",migration application only; no migration applied in this audit
supabase/migrations/20260824170000_customer_followup_atomic_command_v1.sql,52,dawaa_execute_customer_followup_command_v1,update,daily_followups,LEGACY READ ONLY,"historical definition; latest live body is authoritative, not automatically runnable",migration application only; no migration applied in this audit
supabase/migrations/20260824171000_customer_request_details_command_v2.sql,57,update_customer_request_details_v2,update,customer_requests,LEGACY READ ONLY,"historical definition; latest live body is authoritative, not automatically runnable",migration application only; no migration applied in this audit
supabase/migrations/20260824173000_customer_followup_atomic_command_v2.sql,64,dawaa_execute_customer_followup_command_v1,update,daily_followups,LEGACY READ ONLY,"historical definition; latest live body is authoritative, not automatically runnable",migration application only; no migration applied in this audit
supabase/migrations/20260824180000_customer_followup_lifecycle_commands_v1.sql,41,dawaa_save_customer_followup_result_v1,update,daily_followups,LEGACY READ ONLY,"historical definition; latest live body is authoritative, not automatically runnable",migration application only; no migration applied in this audit
supabase/migrations/20260824180000_customer_followup_lifecycle_commands_v1.sql,62,dawaa_archive_today_trial_followups_v1,update,daily_followups,LEGACY READ ONLY,"historical definition; latest live body is authoritative, not automatically runnable",migration application only; no migration applied in this audit
supabase/migrations/20260824181000_customer_request_shortage_alignment_v2.sql,121,move_customer_request_to_shortage_v1,update,customer_requests,LEGACY READ ONLY,"historical definition; latest live body is authoritative, not automatically runnable",migration application only; no migration applied in this audit
supabase/migrations/20260824182000_customer_request_transition_matrix_complete_v2.sql,133,advance_customer_request_v2,update,customer_requests,LEGACY READ ONLY,"historical definition; latest live body is authoritative, not automatically runnable",migration application only; no migration applied in this audit
supabase/migrations/20260824182500_customer_request_atomic_transition_v2.sql,116,advance_customer_request_v2,update,customer_requests,LEGACY READ ONLY,"historical definition; latest live body is authoritative, not automatically runnable",migration application only; no migration applied in this audit
supabase/migrations/20260824184000_customer_request_customer_repair_v2.sql,98,repair_customer_request_customer_v2,update,customer_requests,LEGACY READ ONLY,"historical definition; latest live body is authoritative, not automatically runnable",migration application only; no migration applied in this audit
supabase/migrations/20260824184500_customer_request_shortage_return_v2.sql,95,return_shortage_to_customer_request_v2,update,customer_requests,LEGACY READ ONLY,"historical definition; latest live body is authoritative, not automatically runnable",migration application only; no migration applied in this audit
supabase/migrations/20260824185500_shortage_manage_permission_v1.sql,161,return_shortage_to_customer_request_v2,update,customer_requests,LEGACY READ ONLY,"historical definition; latest live body is authoritative, not automatically runnable",migration application only; no migration applied in this audit
supabase/migrations/20260824193000_customer_request_registrar_attribution_v2.sql,192,apply_customer_request_staff_attribution_v1,update,customer_requests,LEGACY READ ONLY,"historical definition; latest live body is authoritative, not automatically runnable",migration application only; no migration applied in this audit
supabase/migrations/20260824194000_customer_request_canonical_source_identity_v2.sql,127,customer_request_canonical_source_identity_v2,update,customer_requests,LEGACY READ ONLY,"historical definition; latest live body is authoritative, not automatically runnable",migration application only; no migration applied in this audit
supabase/migrations/20260826160000_batch_daily_followup_metrics_after_sales_v2.sql,44,refresh_daily_followup_customer_metrics_for_codes_v2,update,daily_followups,LEGACY READ ONLY,"historical definition; latest live body is authoritative, not automatically runnable",migration application only; no migration applied in this audit
supabase/migrations/20260906140300_authorize_penalize_followup_fraud_v1.sql,55,penalize_followup_fraud,update,daily_followups,LEGACY READ ONLY,"historical definition; latest live body is authoritative, not automatically runnable",migration application only; no migration applied in this audit
supabase/migrations/20260906140300_authorize_penalize_followup_fraud_v1.sql,69,penalize_followup_fraud,update,daily_followups,LEGACY READ ONLY,"historical definition; latest live body is authoritative, not automatically runnable",migration application only; no migration applied in this audit
supabase/migrations/20260917070000_whatsapp_followup_permissions_v2.sql,105,whatsapp_auto_followup_update_status_v2,update,whatsapp_auto_followup_requests,LEGACY READ ONLY,"historical definition; latest live body is authoritative, not automatically runnable",migration application only; no migration applied in this audit
supabase/migrations/20260917073000_whatsapp_followup_sale_evidence_v1.sql,137,whatsapp_auto_followup_confirm_sale_v1,update,whatsapp_auto_followup_requests,LEGACY READ ONLY,"historical definition; latest live body is authoritative, not automatically runnable",migration application only; no migration applied in this audit
supabase/migrations/20260917073000_whatsapp_followup_sale_evidence_v1.sql,215,whatsapp_auto_followup_revoke_sale_v1,update,whatsapp_auto_followup_requests,LEGACY READ ONLY,"historical definition; latest live body is authoritative, not automatically runnable",migration application only; no migration applied in this audit
supabase/migrations/20260917073000_whatsapp_followup_sale_evidence_v1.sql,281,whatsapp_auto_followup_update_status_v2,update,whatsapp_auto_followup_requests,LEGACY READ ONLY,"historical definition; latest live body is authoritative, not automatically runnable",migration application only; no migration applied in this audit
supabase/migrations/20260917074500_whatsapp_followup_customer_identity_v1.sql,112,dawaa_whatsapp_followup_resolve_customer_identity_v1,update,whatsapp_auto_followup_requests,LEGACY READ ONLY,"historical definition; latest live body is authoritative, not automatically runnable",migration application only; no migration applied in this audit
supabase/migrations/20260917080000_whatsapp_followup_sale_identity_v2.sql,112,whatsapp_auto_followup_confirm_sale_v1,update,whatsapp_auto_followup_requests,LEGACY READ ONLY,"historical definition; latest live body is authoritative, not automatically runnable",migration application only; no migration applied in this audit
supabase/migrations/20261003193000_si_case_lifecycle_reconciliation_v1.sql,185,sales_intelligence_reconcile_case_set_v1,update,conversation_sales_reviews,LEGACY READ ONLY,"historical definition; latest live body is authoritative, not automatically runnable",migration application only; no migration applied in this audit
supabase/migrations/20261005123000_sales_intelligence_truth_boundary_v2.sql,409,dawaa_supersede_legacy_review_on_automatic_v2,update,conversation_sales_reviews,LEGACY READ ONLY,"historical definition; latest live body is authoritative, not automatically runnable",migration application only; no migration applied in this audit
supabase/migrations/20261005133000_monthly_evidence_canonical_reads_v2.sql,4,<migration statement>,update,conversation_sales_reviews,LEGACY READ ONLY,"historical definition; latest live body is authoritative, not automatically runnable",migration application only; no migration applied in this audit
supabase/migrations/20261005133000_monthly_evidence_canonical_reads_v2.sql,18,<migration statement>,update,conversation_sales_reviews,LEGACY READ ONLY,"historical definition; latest live body is authoritative, not automatically runnable",migration application only; no migration applied in this audit
supabase/migrations/20261005141000_whatsapp_action_truth_guard_v2.sql,124,dawaa_guard_whatsapp_conversation_action_v2,update,whatsapp_conversation_actions,LEGACY READ ONLY,"historical definition; latest live body is authoritative, not automatically runnable",migration application only; no migration applied in this audit
supabase/migrations/20261005141000_whatsapp_action_truth_guard_v2.sql,204,dawaa_approve_whatsapp_customer_request_action_v2,update,whatsapp_conversation_actions,LEGACY READ ONLY,"historical definition; latest live body is authoritative, not automatically runnable",migration application only; no migration applied in this audit
supabase/migrations/20261008160000_conversation_review_manager_correction_versioning_v1.sql,818,dawaa_correct_conversation_review_session_v1,update,conversation_sales_reviews,LEGACY READ ONLY,"historical definition; latest live body is authoritative, not automatically runnable",migration application only; no migration applied in this audit
supabase/migrations/20261008160000_conversation_review_manager_correction_versioning_v1.sql,877,dawaa_correct_conversation_review_session_v1,insert into,conversation_sales_reviews,LEGACY READ ONLY,"historical definition; latest live body is authoritative, not automatically runnable",migration application only; no migration applied in this audit
supabase/migrations/20261008160000_conversation_review_manager_correction_versioning_v1.sql,917,dawaa_follow_case_lifecycle_for_review_corrections_v1,update,conversation_sales_reviews,LEGACY READ ONLY,"historical definition; latest live body is authoritative, not automatically runnable",migration application only; no migration applied in this audit
supabase/migrations/20261008160000_conversation_review_manager_correction_versioning_v1.sql,926,dawaa_follow_case_lifecycle_for_review_corrections_v1,update,conversation_sales_reviews,LEGACY READ ONLY,"historical definition; latest live body is authoritative, not automatically runnable",migration application only; no migration applied in this audit
